<?xml version="1.0" encoding="UTF-8"?>
<!--设置log4j2的自身log级别为warn-->
<!--日志级别以及优先级排序: OFF > FATAL > ERROR > WARN > INFO > DEBUG > TRACE > ALL -->
<!--Configuration后面的status，这个用于设置log4j2自身内部的信息输出，可以不设置，  
    当设置成trace时，你会看到log4j2内部各种详细输出-->
<!--monitorInterval：Log4j能够自动检测修改配置 文件和重新配置本身，设置间隔秒数-->
<configuration status="DEBUG" monitorInterval="30">
    <Properties>
        <Property name="log.path">/home/xwtec/logs/api</Property>
        <Property name="log.file">api.log</Property>
    </Properties>

    <!--先定义所有的appender-->
    <appenders>
        <!-- 这个会打印出所有的info及以下级别的信息，每次大小超过size，
        则这size大小的日志会自动存入按年份-月份建立的文件夹下面并进行压缩，作为存档-->
        <RollingFile name="RollingFileDebug" fileName="${log.path}/${log.file}"
                     filePattern="${log.path}/$${date:yyyy-MM}/info-%d{yyyy-MM-dd}-%i.log">
            <Filters>
                <!--控制台只输出level及以上级别的信息（onMatch），其他的直接拒绝（onMismatch）-->
                <ThresholdFilter level="DEBUG"/>
            </Filters>
            <PatternLayout pattern="%clr{%d{yyyy-MM-dd HH:mm:ss.SSS}}{faint} %clr{%5p} %clr{---}  %clr{%-40.40c{1.}}{cyan} %clr{:}{faint} %m%n%xwEx"/>
            <Policies>
                <TimeBasedTriggeringPolicy/>
                <SizeBasedTriggeringPolicy size="100 MB"/>
            </Policies>
        </RollingFile>

    </appenders>
    <!--然后定义logger，只有定义了logger并引入的appender，appender才会生效-->
    <loggers>
        <!--过滤掉spring和hibernate的一些无用的debug信息-->
        <AsyncLogger name="com.xwtec" level="DEBUG"/>
        <AsyncLogger name="org.apache.ibatis" level="DEBUG"/>
        <AsyncLogger name="org.apache.shiro" level="DEBUG"/>
        <AsyncRoot level="INFO">
            <appender-ref ref="RollingFileDebug"/>
        </AsyncRoot>
    </loggers>
</configuration>